id,behavior
3,MB_NORTH_ARROW_WARP
4,MB_SOUTH_ARROW_WARP
8,MB_POND_WATER
9,MB_POND_WATER
10,MB_POND_WATER
11,MB_POND_WATER
12,MB_POND_WATER
13,MB_POND_WATER
14,MB_POND_WATER
15,MB_POND_WATER
31,MB_ANIMATED_DOOR
47,MB_ANIMATED_DOOR
98,MB_NON_ANIMATED_DOOR
118,MB_OCEAN_WATER
130,MB_NON_ANIMATED_DOOR
159,MB_OCEAN_WATER
181,MB_NON_ANIMATED_DOOR
246,MB_BERRY_TREE_SOIL
270,MB_DEEP_SOUTH_WARP
271,MB_NON_ANIMATED_DOOR
307,MB_POND_WATER
308,MB_POND_WATER
309,MB_OCEAN_WATER
317,MB_OCEAN_WATER
324,MB_REFLECTION_UNDER_BRIDGE
325,MB_OCEAN_WATER
326,MB_REFLECTION_UNDER_BRIDGE
327,MB_REFLECTION_UNDER_BRIDGE
332,MB_REFLECTION_UNDER_BRIDGE
333,MB_POND_WATER
334,MB_REFLECTION_UNDER_BRIDGE
335,MB_REFLECTION_UNDER_BRIDGE
336,MB_REFLECTION_UNDER_BRIDGE
337,MB_REFLECTION_UNDER_BRIDGE
